Workbook
Name Discount: Settings!$B$2
Name Rates: Orders!$D$4:$D$11

Sheet Orders
A1: June orders
A3: Order | B3: Customer | C3: Boats | D3: Rate | E3: Amount | F3: Discount | G3: Status | H3: Prefix | I3: Customer (caps) | J3: Label | L3: Week
A4: O-301 | B4: avery chen | C4: 3 | D4: 35 | E4: =C4*D4 -> 105 | F4: =E4*Settings!$B$2 -> 10.5 | G4: =IF(C4>=3,"Group","Single") -> Group | H4: =LEFT(A4,1) -> O | I4: =UPPER(B4) -> AVERY CHEN | J4: =_xlfn.CONCAT(A4," - ",B4) -> O-301 - avery chen | L4: {=_xlfn.SEQUENCE(4)} -> 1
A5: O-302 | B5: SAM PATEL | C5: 1 | D5: 50 | E5: =C5*D5 -> 50 | F5: =E5*Settings!$B$2 -> 5 | G5: =IF(C5>=3,"Group","Single") -> Single | H5: =LEFT(A5,1) -> O | I5: =UPPER(B5) -> SAM PATEL | J5: =_xlfn.CONCAT(A5," - ",B5) -> O-302 - SAM PATEL | L5: 2
A6: O-303 | B6: riley brooks | C6: 2 | D6: 45 | E6: =C6*D6 -> 90 | F6: =E6*Settings!$B$2 -> 9 | G6: =IF(C6>=3,"Group","Single") -> Single | H6: =LEFT(A6,1) -> O | I6: =UPPER(B6) -> RILEY BROOKS | J6: =_xlfn.CONCAT(A6," - ",B6) -> O-303 - riley brooks | L6: 3
A7: O-304 | B7: Jordan Lee | C7: 4 | D7: 25 | E7: =C7*D7 -> 100 | F7: =E7*Settings!$B$2 -> 10 | G7: =IF(C7>=3,"Group","Single") -> Group | H7: =LEFT(A7,1) -> O | I7: =UPPER(B7) -> JORDAN LEE | J7: =_xlfn.CONCAT(A7," - ",B7) -> O-304 - Jordan Lee | L7: 4
A8: O-305 | B8: casey MORGAN | C8: 2 | D8: 30 | E8: =C8*D8 -> 60 | F8: =E8*Settings!$B$2 -> 6 | G8: =IF(C8>=3,"Group","Single") -> Single | H8: =LEFT(A8,1) -> O | I8: =UPPER(B8) -> CASEY MORGAN | J8: =_xlfn.CONCAT(A8," - ",B8) -> O-305 - casey MORGAN
A9: O-306 | B9: Taylor Kim | C9: 5 | D9: 25 | E9: =C9*D9 -> 125 | F9: =E9*Settings!$B$2 -> 12.5 | G9: =IF(C9>=3,"Group","Single") -> Group | H9: =LEFT(A9,1) -> O | I9: =UPPER(B9) -> TAYLOR KIM | J9: =_xlfn.CONCAT(A9," - ",B9) -> O-306 - Taylor Kim
A10: O-307 | B10: drew allen | C10: 1 | D10: 70 | E10: =C10*D10 -> 70 | F10: =E10*Settings!$B$2 -> 7 | G10: =IF(C10>=3,"Group","Single") -> Single | H10: =LEFT(A10,1) -> O | I10: =UPPER(B10) -> DREW ALLEN | J10: =_xlfn.CONCAT(A10," - ",B10) -> O-307 - drew allen
A11: O-308 | B11: Quinn Harper | C11: 3 | D11: 35 | E11: =C11*D11 -> 105 | F11: =E11*Settings!$B$2 -> 10.5 | G11: =IF(C11>=3,"Group","Single") -> Group | H11: =LEFT(A11,1) -> O | I11: =UPPER(B11) -> QUINN HARPER | J11: =_xlfn.CONCAT(A11," - ",B11) -> O-308 - Quinn Harper
D12: Total | E12: =SUM(E4:E11) -> 705
D13: Average | E13: =AVERAGE(E4:E11) -> 88.125
D14: Customers | E14: =COUNTA(B4:B11) -> 8
A15: Discount settings

Sheet Settings
A1: Settings
A2: Discount rate | B2: 0.1
A4: Discount on $100 | B4: =100*Discount -> 10
